Ime,Prezime,Email,Predmeti
Lucija,Vuković,lucija.vukovic@eduxhub.onmicrosoft.com,Tjelesna_i_zdravstvena_kultura_1_opca;Tjelesna_i_zdravstvena_kultura_1_primat;Tjelesna_i_zdravstvena_kultura_1_jezicna;Tjelesna_i_zdravstvena_kultura_2_opca;Tjelesna_i_zdravstvena_kultura_2_primat;Tjelesna_i_zdravstvena_kultura_2_jezicna;Tjelesna_i_zdravstvena_kultura_3_opca;Tjelesna_i_zdravstvena_kultura_3_jezicna;Tjelesna_i_zdravstvena_kultura_3_primat;Tjelesna_i_zdravstvena_kultura_4_opca;Tjelesna_i_zdravstvena_kultura_4_jezicna;Tjelesna_i_zdravstvena_kultura_4_primat
Sara,Matić,sara.matic@eduxhub.onmicrosoft.com,Tjelesna_i_zdravstvena_kultura_1_opca;Tjelesna_i_zdravstvena_kultura_1_primat;Tjelesna_i_zdravstvena_kultura_1_jezicna;Tjelesna_i_zdravstvena_kultura_2_opca;Tjelesna_i_zdravstvena_kultura_2_primat;Tjelesna_i_zdravstvena_kultura_2_jezicna;Tjelesna_i_zdravstvena_kultura_3_opca;Tjelesna_i_zdravstvena_kultura_3_jezicna;Tjelesna_i_zdravstvena_kultura_3_primat;Tjelesna_i_zdravstvena_kultura_4_opca;Tjelesna_i_zdravstvena_kultura_4_jezicna;Tjelesna_i_zdravstvena_kultura_4_primat
Maja,Kralj,maja.kralj@eduxhub.onmicrosoft.com,Tjelesna_i_zdravstvena_kultura_1_opca;Tjelesna_i_zdravstvena_kultura_1_primat;Tjelesna_i_zdravstvena_kultura_1_jezicna;Tjelesna_i_zdravstvena_kultura_2_opca;Tjelesna_i_zdravstvena_kultura_2_primat;Tjelesna_i_zdravstvena_kultura_2_jezicna;Tjelesna_i_zdravstvena_kultura_3_opca;Tjelesna_i_zdravstvena_kultura_3_jezicna;Tjelesna_i_zdravstvena_kultura_3_primat;Tjelesna_i_zdravstvena_kultura_4_opca;Tjelesna_i_zdravstvena_kultura_4_jezicna;Tjelesna_i_zdravstvena_kultura_4_primat
Marija,Kralj,marija.kralj@eduxhub.onmicrosoft.com,Glazbena_umjetnost_1_opca;Glazbena_umjetnost_1_primat;Glazbena_umjetnost_1_jezicna;Glazbena_umjetnost_2_opca;Glazbena_umjetnost_2_primat;Glazbena_umjetnost_2_jezicna;Glazbena_umjetnost_3_opca;Glazbena_umjetnost_3_jezicna;Glazbena_umjetnost_4_opca;Glazbena_umjetnost_4_jezicna
Karla,Novak,karla.novak@eduxhub.onmicrosoft.com,Glazbena_umjetnost_1_opca;Glazbena_umjetnost_1_primat;Glazbena_umjetnost_1_jezicna;Glazbena_umjetnost_2_opca;Glazbena_umjetnost_2_primat;Glazbena_umjetnost_2_jezicna;Glazbena_umjetnost_3_opca;Glazbena_umjetnost_3_jezicna;Glazbena_umjetnost_4_opca;Glazbena_umjetnost_4_jezicna
Sara,Tomić,sara.tomic@eduxhub.onmicrosoft.com,Vjeronauk_1_opca;Vjeronauk_1_primat;Vjeronauk_1_jezicna;Vjeronauk_2_opca;Vjeronauk_2_primat;Vjeronauk_2_jezicna;Vjeronauk_3_opca;Vjeronauk_3_jezicna;Vjeronauk_3_primat;Vjeronauk_4_opca;Vjeronauk_4_jezicna;Vjeronauk_4_primat
Ivan,Marić,ivan.maric@eduxhub.onmicrosoft.com,Vjeronauk_1_opca;Vjeronauk_1_primat;Vjeronauk_1_jezicna;Vjeronauk_2_opca;Vjeronauk_2_primat;Vjeronauk_2_jezicna;Vjeronauk_3_opca;Vjeronauk_3_jezicna;Vjeronauk_3_primat;Vjeronauk_4_opca;Vjeronauk_4_jezicna;Vjeronauk_4_primat
Marija,Perić,marija.peric@eduxhub.onmicrosoft.com,Etika_1_opca;Etika_1_primat;Etika_1_jezicna;Etika_2_opca;Etika_2_primat;Etika_2_jezicna;Etika_3_opca;Etika_3_jezicna;Etika_3_primat;Etika_4_opca;Etika_4_jezicna;Etika_4_primat
Filip,Jurić,filip.juric@eduxhub.onmicrosoft.com,Etika_1_opca;Etika_1_primat;Etika_1_jezicna;Etika_2_opca;Etika_2_primat;Etika_2_jezicna;Etika_3_opca;Etika_3_jezicna;Etika_3_primat;Etika_4_opca;Etika_4_jezicna;Etika_4_primat
Dario,Petrović,dario.petrovic@eduxhub.onmicrosoft.com,Latinski_jezik_1_opca;Latinski_jezik_1_primat;Latinski_jezik_1_jezicna;Latinski_jezik_2_opca;Latinski_jezik_2_primat;Latinski_jezik_2_jezicna
Petra,Pavlović,petra.pavlovic@eduxhub.onmicrosoft.com,Latinski_jezik_1_opca;Latinski_jezik_1_primat;Latinski_jezik_1_jezicna;Latinski_jezik_2_opca;Latinski_jezik_2_primat;Latinski_jezik_2_jezicna
Karla,Šimić,karla.simic@eduxhub.onmicrosoft.com,Likovna_umjetnost_1_opca;Likovna_umjetnost_1_primat;Likovna_umjetnost_1_jezicna;Likovna_umjetnost_2_opca;Likovna_umjetnost_2_primat;Likovna_umjetnost_2_jezicna;Likovna_umjetnost_3_opca;Likovna_umjetnost_3_jezicna;Likovna_umjetnost_4_opca;Likovna_umjetnost_4_jezicna
Maja,Knežević,maja.knezevic@eduxhub.onmicrosoft.com,Likovna_umjetnost_1_opca;Likovna_umjetnost_1_primat;Likovna_umjetnost_1_jezicna;Likovna_umjetnost_2_opca;Likovna_umjetnost_2_primat;Likovna_umjetnost_2_jezicna;Likovna_umjetnost_3_opca;Likovna_umjetnost_3_jezicna;Likovna_umjetnost_4_opca;Likovna_umjetnost_4_jezicna
Nina,Grgić,nina.grgic@eduxhub.onmicrosoft.com,Hrvatski_jezik_1_opca;Hrvatski_jezik_2_opca;Hrvatski_jezik_3_opca;Hrvatski_jezik_4_opca
Maja,Petrović,maja.petrovic@eduxhub.onmicrosoft.com,Hrvatski_jezik_1_opca;Hrvatski_jezik_2_opca;Hrvatski_jezik_3_opca;Hrvatski_jezik_4_opca
Ana,Grgić,ana.grgic@eduxhub.onmicrosoft.com,Hrvatski_jezik_1_primat;Hrvatski_jezik_2_primat;Hrvatski_jezik_3_primat;Hrvatski_jezik_4_primat
Petra,Tomić,petra.tomic@eduxhub.onmicrosoft.com,Hrvatski_jezik_1_primat;Hrvatski_jezik_2_primat;Hrvatski_jezik_3_primat;Hrvatski_jezik_4_primat
Toma,Pavlović,toma.pavlovic@eduxhub.onmicrosoft.com,Hrvatski_jezik_1_jezicna;Hrvatski_jezik_2_jezicna;Hrvatski_jezik_3_jezicna;Hrvatski_jezik_4_jezicna
Ivana,Petrović,ivana.petrovic@eduxhub.onmicrosoft.com,Hrvatski_jezik_1_jezicna;Hrvatski_jezik_2_jezicna;Hrvatski_jezik_3_jezicna;Hrvatski_jezik_4_jezicna
Ema,Pavlović,ema.pavlovic@eduxhub.onmicrosoft.com,Kemija_1_opca;Kemija_1_primat;Kemija_1_jezicna;Kemija_2_opca;Kemija_2_primat;Kemija_2_jezicna;Kemija_3_opca;Kemija_3_jezicna;Kemija_3_primat;Kemija_4_opca;Kemija_4_jezicna;Kemija_4_primat
Lucija,Horvat,lucija.horvat@eduxhub.onmicrosoft.com,Kemija_1_opca;Kemija_1_primat;Kemija_1_jezicna;Kemija_2_opca;Kemija_2_primat;Kemija_2_jezicna;Kemija_3_opca;Kemija_3_jezicna;Kemija_3_primat;Kemija_4_opca;Kemija_4_jezicna;Kemija_4_primat
Toma,Tomić,toma.tomic@eduxhub.onmicrosoft.com,Kemija_1_opca;Kemija_1_primat;Kemija_1_jezicna;Kemija_2_opca;Kemija_2_primat;Kemija_2_jezicna;Kemija_3_opca;Kemija_3_jezicna;Kemija_3_primat;Kemija_4_opca;Kemija_4_jezicna;Kemija_4_primat
Lucija,Matić,lucija.matic@eduxhub.onmicrosoft.com,Biologija_1_opca;Biologija_1_primat;Biologija_1_jezicna;Biologija_2_opca;Biologija_2_primat;Biologija_2_jezicna;Biologija_3_opca;Biologija_3_jezicna;Biologija_3_primat;Biologija_4_opca;Biologija_4_jezicna;Biologija_4_primat
Lucija,Marić,lucija.maric@eduxhub.onmicrosoft.com,Biologija_1_opca;Biologija_1_primat;Biologija_1_jezicna;Biologija_2_opca;Biologija_2_primat;Biologija_2_jezicna;Biologija_3_opca;Biologija_3_jezicna;Biologija_3_primat;Biologija_4_opca;Biologija_4_jezicna;Biologija_4_primat
Josip,Petrović,josip.petrovic@eduxhub.onmicrosoft.com,Biologija_1_opca;Biologija_1_primat;Biologija_1_jezicna;Biologija_2_opca;Biologija_2_primat;Biologija_2_jezicna;Biologija_3_opca;Biologija_3_jezicna;Biologija_3_primat;Biologija_4_opca;Biologija_4_jezicna;Biologija_4_primat
Tomislav,Babić,tomislav.babic@eduxhub.onmicrosoft.com,Informatika_1_opca;Informatika_1_primat;Informatika_2_primat;Informatika_2_jezicna;Informatika_3_primat;Informatika_4_primat
Ivana,Kralj,ivana.kralj@eduxhub.onmicrosoft.com,Informatika_1_opca;Informatika_1_primat;Informatika_2_primat;Informatika_2_jezicna;Informatika_3_primat;Informatika_4_primat
Lucija,Kralj,lucija.kralj@eduxhub.onmicrosoft.com,Engleski_jezik_1_opca;Engleski_jezik_1_primat;Engleski_jezik_1_jezicna;Engleski_jezik_2_opca;Engleski_jezik_2_primat;Engleski_jezik_2_jezicna;Engleski_jezik_3_opca;Engleski_jezik_3_jezicna;Engleski_jezik_3_primat;Engleski_jezik_4_opca;Engleski_jezik_4_jezicna;Engleski_jezik_4_primat
Ana,Pavlović,ana.pavlovic@eduxhub.onmicrosoft.com,Engleski_jezik_1_opca;Engleski_jezik_1_primat;Engleski_jezik_1_jezicna;Engleski_jezik_2_opca;Engleski_jezik_2_primat;Engleski_jezik_2_jezicna;Engleski_jezik_3_opca;Engleski_jezik_3_jezicna;Engleski_jezik_3_primat;Engleski_jezik_4_opca;Engleski_jezik_4_jezicna;Engleski_jezik_4_primat
Lucija,Šimić,lucija.simic@eduxhub.onmicrosoft.com,Engleski_jezik_1_opca;Engleski_jezik_1_primat;Engleski_jezik_1_jezicna;Engleski_jezik_2_opca;Engleski_jezik_2_primat;Engleski_jezik_2_jezicna;Engleski_jezik_3_opca;Engleski_jezik_3_jezicna;Engleski_jezik_3_primat;Engleski_jezik_4_opca;Engleski_jezik_4_jezicna;Engleski_jezik_4_primat
Lucija,Matić,lucija.matic@eduxhub.onmicrosoft.com,Engleski_jezik_1_opca;Engleski_jezik_1_primat;Engleski_jezik_1_jezicna;Engleski_jezik_2_opca;Engleski_jezik_2_primat;Engleski_jezik_2_jezicna;Engleski_jezik_3_opca;Engleski_jezik_3_jezicna;Engleski_jezik_3_primat;Engleski_jezik_4_opca;Engleski_jezik_4_jezicna;Engleski_jezik_4_primat
Nina,Babić,nina.babic@eduxhub.onmicrosoft.com,Engleski_jezik_1_opca;Engleski_jezik_1_primat;Engleski_jezik_1_jezicna;Engleski_jezik_2_opca;Engleski_jezik_2_primat;Engleski_jezik_2_jezicna;Engleski_jezik_3_opca;Engleski_jezik_3_jezicna;Engleski_jezik_3_primat;Engleski_jezik_4_opca;Engleski_jezik_4_jezicna;Engleski_jezik_4_primat
Petra,Lovrić,petra.lovric@eduxhub.onmicrosoft.com,Engleski_jezik_1_opca;Engleski_jezik_1_primat;Engleski_jezik_1_jezicna;Engleski_jezik_2_opca;Engleski_jezik_2_primat;Engleski_jezik_2_jezicna;Engleski_jezik_3_opca;Engleski_jezik_3_jezicna;Engleski_jezik_3_primat;Engleski_jezik_4_opca;Engleski_jezik_4_jezicna;Engleski_jezik_4_primat
Ema,Babić,ema.babic@eduxhub.onmicrosoft.com,Njemački_jezik_1_opca;Njemački_jezik_1_jezicna;Njemački_jezik_2_opca;Njemački_jezik_2_jezicna;Njemački_jezik_3_opca;Njemački_jezik_3_jezicna;Njemački_jezik_4_opca;Njemački_jezik_4_jezicna
Ana,Radić,ana.radic@eduxhub.onmicrosoft.com,Njemački_jezik_1_opca;Njemački_jezik_1_jezicna;Njemački_jezik_2_opca;Njemački_jezik_2_jezicna;Njemački_jezik_3_opca;Njemački_jezik_3_jezicna;Njemački_jezik_4_opca;Njemački_jezik_4_jezicna
Maja,Radić,maja.radic@eduxhub.onmicrosoft.com,Njemački_jezik_1_opca;Njemački_jezik_1_jezicna;Njemački_jezik_2_opca;Njemački_jezik_2_jezicna;Njemački_jezik_3_opca;Njemački_jezik_3_jezicna;Njemački_jezik_4_opca;Njemački_jezik_4_jezicna
Karla,Kralj,karla.kralj@eduxhub.onmicrosoft.com,Njemački_jezik_1_opca;Njemački_jezik_1_jezicna;Njemački_jezik_2_opca;Njemački_jezik_2_jezicna;Njemački_jezik_3_opca;Njemački_jezik_3_jezicna;Njemački_jezik_4_opca;Njemački_jezik_4_jezicna
Filip,Horvat,filip.horvat@eduxhub.onmicrosoft.com,Geografija_1_opca;Geografija_1_primat;Geografija_1_jezicna;Geografija_2_opca;Geografija_2_primat;Geografija_2_jezicna;Geografija_3_opca;Geografija_3_jezicna;Geografija_3_primat;Geografija_4_opca;Geografija_4_jezicna;Geografija_4_primat
Tomislav,Krnić,tomislav.krnic@eduxhub.onmicrosoft.com,Geografija_1_opca;Geografija_1_primat;Geografija_1_jezicna;Geografija_2_opca;Geografija_2_primat;Geografija_2_jezicna;Geografija_3_opca;Geografija_3_jezicna;Geografija_3_primat;Geografija_4_opca;Geografija_4_jezicna;Geografija_4_primat
Matej,Šimić,matej.simic@eduxhub.onmicrosoft.com,Geografija_1_opca;Geografija_1_primat;Geografija_1_jezicna;Geografija_2_opca;Geografija_2_primat;Geografija_2_jezicna;Geografija_3_opca;Geografija_3_jezicna;Geografija_3_primat;Geografija_4_opca;Geografija_4_jezicna;Geografija_4_primat
Lucija,Petrović,lucija.petrovic@eduxhub.onmicrosoft.com,Povijest_1_opca;Povijest_1_primat;Povijest_1_jezicna;Povijest_2_opca;Povijest_2_primat;Povijest_2_jezicna;Povijest_3_opca;Povijest_3_jezicna;Povijest_3_primat;Povijest_4_opca;Povijest_4_jezicna;Povijest_4_primat
Nina,Pavlović,nina.pavlovic@eduxhub.onmicrosoft.com,Povijest_1_opca;Povijest_1_primat;Povijest_1_jezicna;Povijest_2_opca;Povijest_2_primat;Povijest_2_jezicna;Povijest_3_opca;Povijest_3_jezicna;Povijest_3_primat;Povijest_4_opca;Povijest_4_jezicna;Povijest_4_primat
Josip,Novak,josip.novak@eduxhub.onmicrosoft.com,Povijest_1_opca;Povijest_1_primat;Povijest_1_jezicna;Povijest_2_opca;Povijest_2_primat;Povijest_2_jezicna;Povijest_3_opca;Povijest_3_jezicna;Povijest_3_primat;Povijest_4_opca;Povijest_4_jezicna;Povijest_4_primat
Ema,Šimić,ema.simic@eduxhub.onmicrosoft.com,Povijest_1_opca;Povijest_1_primat;Povijest_1_jezicna;Povijest_2_opca;Povijest_2_primat;Povijest_2_jezicna;Povijest_3_opca;Povijest_3_jezicna;Povijest_3_primat;Povijest_4_opca;Povijest_4_jezicna;Povijest_4_primat
Nikola,Božić,nikola.bozic@eduxhub.onmicrosoft.com,Politika_i_gospodarstvo_4_opca;Politika_i_gospodarstvo_4_jezicna;Politika_i_gospodarstvo_4_primat;Sociologija_3_opca;Sociologija_3_jezicna;Sociologija_3_primat
Maja,Šimić,maja.simic@eduxhub.onmicrosoft.com,Logika_3_opca;Logika_3_jezicna;Logika_3_primat;Psihologija_2_opca;Psihologija_3_opca;Psihologija_3_jezicna;Psihologija_3_primat
Marko,Kovačević,marko.kovacevic@eduxhub.onmicrosoft.com,Filozofija_4_opca;Filozofija_4_jezicna;Filozofija_4_primat
Dario,Radić,dario.radic@eduxhub.onmicrosoft.com,Matematika_1_primat;Matematika_2_primat
Sara,Lovrić,sara.lovric@eduxhub.onmicrosoft.com,Matematika_1_primat;Matematika_2_primat
Dario,Jurić,dario.juric@eduxhub.onmicrosoft.com,Matematika_3_primat;Matematika_4_primat
Ivan,Knežević,ivan.knezevic@eduxhub.onmicrosoft.com,Matematika_3_primat;Matematika_4_primat
Luka,Krnić,luka.krnic@eduxhub.onmicrosoft.com,Matematika_1_opca;Matematika_2_opca
Tomislav,Babić,tomislav.babic@eduxhub.onmicrosoft.com,Fizika_1_opca;Matematika_1_jezicna;Matematika_2_jezicna
Lucija,Tomić,lucija.tomic@eduxhub.onmicrosoft.com,Fizika_1_jezicna;Matematika_3_opca;Matematika_3_jezicna
Karla,Kovačević,karla.kovacevic@eduxhub.onmicrosoft.com,Fizika_2_opca;Matematika_4_opca;Matematika_4_jezicna
Marija,Babić,marija.babic@eduxhub.onmicrosoft.com,Fizika_1_primat;Fizika_2_primat;Fizika_2_jezicna
Nikola,Šimić,nikola.simic@eduxhub.onmicrosoft.com,Fizika_3_opca;Fizika_3_jezicna;Fizika_3_primat
Petra,Marić,petra.maric@eduxhub.onmicrosoft.com,Fizika_4_opca;Fizika_4_jezicna;Fizika_4_primat